,Amy,Bob,Cath
3,0.4912115887457552,0.5,0.5
30,0.5,0.6340503721967596,0.5
5.10,0.7280248063075847,0.5,0.7156331419019253
Addition,0.5,0.9113173456318987,0.5371652682673892
Geometry,0.5,0.5,0.1502153529070209
Multiplication,0.023893910651932835,0.020157250809160712,0.5
